UtilityCompany,StartDate,EstimatedRestoreDate,Cause,ImpactedCustomers,County,OutageType,geometry
SDGE,"September 30, 2026 11:06 PM","October 01, 2026  4:00 AM",The cause of the outage is unknown and still under investigation.,310,Orange,Not Planned,"c(-117.7027263263, 33.4948359897)"
SDGE,"September 30, 2026  9:47 PM","October 01, 2026  5:30 AM",Upgrading the electric system in your area requires us to turn off the power. Our crews are working to safely restore your electric service by the estimated restoration time.,5,San Diego,Planned,"c(-117.08916242, 33.1156591439)"
SDGE,"September 30, 2026 10:00 PM","October 01, 2026  4:00 AM","The start time for today's planned outage has been delayed, however the outage will still occur today.",0,San Diego,Planned,"c(-116.6711751237, 33.1104721762)"
SDGE,"September 30, 2026 10:30 PM","October 01, 2026  5:30 AM","The start time for today's planned outage has been delayed, however the outage will still occur today.",0,San Diego,Planned,"c(-117.08916242, 33.1156591439)"
SDGE,"September 30, 2026 10:00 PM","October 01, 2026  1:00 AM","The start time for today's planned outage has been delayed, however the outage will still occur today.",0,San Diego,Planned,"c(-117.2387800856, 33.1414915253)"
SCE,"September 30, 2026  2:32 PM","October 01, 2026  4:00 AM",Equipment Problems,20,San Bernardino,Not Planned,"c(-117.191140970074, 34.4990919911344)"
SCE,"September 30, 2026  3:00 PM","October 01, 2026  6:30 AM",Upgrading Equipment,209,Los Angeles,Planned,"c(-118.18541659729, 34.0298236868662)"
SCE,"September 30, 2026  1:44 PM","October 01, 2026  6:00 AM",Pole Upgrade,69,Santa Barbara,Planned,"c(-119.648834496736, 34.4250036018317)"
SCE,"September 30, 2026  3:00 PM","October 01, 2026  3:00 AM",Upgrading Equipment,7,San Bernardino,Planned,"c(-117.205017649835, 34.1206249680483)"
SCE,"September 30, 2026  3:00 PM","October 01, 2026  4:00 AM",Upgrading Equipment,23,San Bernardino,Planned,"c(-117.224816117502, 34.1201027077397)"
SCE,"September 30, 2026  1:13 PM","October 01, 2026  6:00 AM",Pole Upgrade,55,Santa Barbara,Planned,"c(-119.653745969107, 34.4273183170238)"
SCE,"September 30, 2026  4:00 PM","October 01, 2026  3:30 AM",Upgrading Equipment,15,Orange,Planned,"c(-117.849458854195, 33.7672551546003)"
SCE,"September 30, 2026  4:01 PM","October 01, 2026 11:00 AM",Pole Upgrade,8,Los Angeles,Planned,"c(-118.222694962364, 34.6603736479754)"
SCE,"September 30, 2026  3:01 AM","October 01, 2026  1:00 AM",Upgrading Equipment,32,Riverside,Planned,"c(-117.431036261546, 33.9957142347346)"
SCE,"September 30, 2026  8:59 AM","October 01, 2026  3:00 AM",Equipment Problems,15,Ventura,Not Planned,"c(-119.272683231565, 34.4536632750055)"
SCE,"September 30, 2026  2:18 PM","October 01, 2026 11:00 AM",Upgrading Equipment,2,Los Angeles,Planned,"c(-118.174923742931, 34.6458736882157)"
SCE,"September 29, 2026 11:49 PM","October 01, 2026  6:00 AM",Equipment Problems,3,Orange,Not Planned,"c(-117.948092872696, 33.9297396940295)"
SCE,"September 30, 2026  4:00 PM","October 01, 2026  4:00 AM",Upgrading Equipment,165,Los Angeles,Planned,"c(-117.999313127772, 33.9241709266789)"
SCE,"September 30, 2026  2:51 PM","October 01, 2026  5:30 AM",Equipment Problems,6,Riverside,Not Planned,"c(-117.076821628794, 33.5087180236731)"
SCE,"September 30, 2026  1:00 PM","October 01, 2026  5:00 AM",Upgrading Equipment,111,Riverside,Planned,"c(-117.07951547683, 33.7139035103189)"
SCE,"September 30, 2026  2:00 PM","October 01, 2026  5:00 AM",Upgrading Equipment,5,Los Angeles,Planned,"c(-117.850316322152, 34.0244406551947)"
SCE,"September 30, 2026  3:01 PM","October 01, 2026  3:30 AM",Upgrading Equipment,450,Orange,Planned,"c(-117.941814307868, 33.7975419202529)"
SCE,"September 30, 2026  2:00 PM","October 01, 2026  5:00 AM",Pole Upgrade,178,Ventura,Planned,"c(-118.705885598989, 34.2733526483465)"
SCE,"September 30, 2026  1:00 PM","October 01, 2026  3:30 AM",Upgrading Equipment,481,Riverside,Planned,"c(-117.429929241999, 34.0082523237699)"
SCE,"September 30, 2026  3:52 PM","October 01, 2026  4:00 AM",Equipment Problems,2,Orange,Not Planned,"c(-117.838123440768, 33.8369617798287)"
SCE,"September 30, 2026  2:38 PM","October 01, 2026  5:00 AM",Equipment Problems,7,Los Angeles,Not Planned,"c(-117.886844718731, 33.9884147287588)"
SCE,"September 30, 2026  6:49 AM","October 01, 2026 12:00 AM",Traffic Accident,13,Los Angeles,Not Planned,"c(-118.087878354348, 34.1130873703134)"
SCE,"September 30, 2026  2:30 AM","October 01, 2026  7:00 AM",Upgrading Equipment,300,Los Angeles,Planned,"c(-118.396884069674, 33.8570147057897)"
PGE,"September 30, 2026  8:58 AM","October 01, 2026  4:00 AM",THRD PARTY,26,Contra Costa,Not Planned,"c(-122.05737, 37.90872)"
PGE,"September 30, 2026  9:13 AM","October 01, 2026  4:00 AM",EMERG REPAIRS,1,Contra Costa,Not Planned,"c(-122.04048, 37.91382)"
PGE,"September 30, 2026  9:14 AM","October 01, 2026  1:30 AM",PLNND SHUTDOWN,96,Santa Clara,Planned,"c(-122.02323, 37.32178)"
PGE,"September 30, 2026 10:03 AM","October 01, 2026  2:00 AM",BRKN POLE,2,San Joaquin,Not Planned,"c(-121.52895, 37.93691)"
PGE,"September 30, 2026  9:30 AM","October 01, 2026  6:00 AM",PLNND SHUTDOWN,162,Alameda,Planned,"c(-121.92517, 37.48801)"
PGE,"September 30, 2026 10:42 AM","October 01, 2026  2:00 AM",TREE CONTACT,14,Santa Clara,Not Planned,"c(-122.01341, 37.27519)"
PGE,"September 30, 2026  9:11 AM","September 30, 2026  5:00 PM",PLNND SHUTDOWN,4,El Dorado,Planned,"c(-120.76805, 38.75713)"
PGE,"September 30, 2026 11:55 AM","October 01, 2026  1:59 AM",REPLCE TXFMR,1,Stanislaus,Not Planned,"c(-120.69519, 37.70248)"
PGE,"September 30, 2026  1:57 PM","October 01, 2026  6:00 AM",EMERG REPAIRS,24,Alameda,Not Planned,"c(-121.96802, 37.536)"
PGE,"September 30, 2026  2:31 PM","October 01, 2026  1:27 AM",BRKN POLE EQUIPMNT,1,Madera,Not Planned,"c(-120.15009, 37.13266)"
PGE,"September 30, 2026  2:42 PM","October 01, 2026 12:00 PM",EMERG REPAIRS,1,Monterey,Not Planned,"c(-121.52921, 36.6156)"
PGE,"September 30, 2026  2:42 PM","October 01, 2026  1:40 AM",BRKN UG EQUIPMNT,2,Contra Costa,Not Planned,"c(-122.34709, 37.99626)"
PGE,"September 30, 2026  8:05 AM","October 01, 2026  6:00 AM",BRKN UG EQUIPMNT,62,San Francisco,Not Planned,"c(-122.43778, 37.74349)"
PGE,"September 30, 2026  3:43 PM","October 01, 2026  6:00 AM",REPLCE SRVC,1,San Mateo,Not Planned,"c(-122.37689, 37.59062)"
PGE,"September 30, 2026  4:14 PM","October 01, 2026  3:30 AM",EMERG REPAIRS,1,San Joaquin,Not Planned,"c(-121.14341, 37.79228)"
PGE,"September 30, 2026  4:22 PM","October 01, 2026  3:00 AM",THRD PARTY,12,Kern,Not Planned,"c(-119.03726, 35.38363)"
PGE,"September 30, 2026  4:49 PM","September 30, 2026 11:45 PM",Not yet known,1,Santa Clara,Not Planned,"c(-121.85214, 37.37005)"
PGE,"September 30, 2026  5:42 PM","October 01, 2026  8:23 AM",REPLCE SRVC,1,Contra Costa,Not Planned,"c(-121.75073, 38.01738)"
PGE,"September 30, 2026  6:04 PM","October 01, 2026 12:30 AM",Not yet known,1,San Francisco,Not Planned,"c(-122.4366, 37.74185)"
PGE,"September 30, 2026  6:04 PM","October 01, 2026  1:00 AM",THRD PARTY,4,Solano,Not Planned,"c(-122.11202, 38.21561)"
PGE,"September 30, 2026  6:27 PM","October 01, 2026  2:15 AM",Not yet known,1,San Joaquin,Not Planned,"c(-121.26611, 37.95654)"
PGE,"September 30, 2026  6:45 PM","October 01, 2026  3:15 AM",PATROLLING,13,Santa Clara,Not Planned,"c(-121.91413, 37.16169)"
PGE,"September 30, 2026  6:50 PM","October 01, 2026 12:15 AM",Not yet known,1,San Joaquin,Not Planned,"c(-121.33285, 37.96658)"
PGE,"September 30, 2026  7:02 PM",Unknown,Awaiting Investigation,1,Alameda,Not Planned,"c(-122.18266, 37.71019)"
PGE,"September 30, 2026  7:00 PM","October 01, 2026  3:00 AM",PLNND SHUTDOWN,12,Placer,Planned,"c(-121.08453, 38.95159)"
PGE,"September 30, 2026  7:51 PM","October 01, 2026  1:30 AM",PATROLLING,1,Solano,Not Planned,"c(-122.02472, 38.27116)"
PGE,"September 30, 2026  7:59 PM","October 01, 2026  6:15 AM",EMERG REPAIRS,7,San Mateo,Not Planned,"c(-122.21835, 37.43259)"
PGE,"September 30, 2026  8:01 PM","October 01, 2026  5:15 AM",PATROLLING,125,Santa Clara,Not Planned,"c(-122.04548, 37.33009)"
PGE,"September 30, 2026  8:14 PM","October 01, 2026 12:30 AM",EMERG REPAIRS,3,Santa Cruz,Not Planned,"c(-121.89312, 37.01729)"
PGE,"September 30, 2026  8:20 PM","October 01, 2026  1:45 AM",Not yet known,1,San Mateo,Not Planned,"c(-122.29152, 37.52862)"
PGE,"September 30, 2026  8:37 PM","October 01, 2026  1:00 AM",PATROLLING,1,Mendocino,Not Planned,"c(-123.34828, 39.39282)"
PGE,"September 30, 2026  8:45 PM","October 01, 2026  1:00 AM",Not yet known,46,San Francisco,Not Planned,"c(-122.41867, 37.74138)"
PGE,"September 30, 2026  8:47 PM","October 01, 2026  1:15 AM",Not yet known,31,San Mateo,Not Planned,"c(-122.31175, 37.572)"
PGE,"September 30, 2026  8:55 PM","October 01, 2026 12:15 AM",Not yet known,26,San Mateo,Not Planned,"c(-122.31125, 37.57147)"
PGE,"September 30, 2026  9:00 PM","October 01, 2026 12:45 AM",Not yet known,1,Monterey,Not Planned,"c(-121.70109, 36.59561)"
PGE,"September 30, 2026  9:02 PM","October 01, 2026  4:00 AM",EMERG REPAIRS,3,Tehama,Not Planned,"c(-121.91939, 39.92553)"
PGE,"September 30, 2026  9:22 PM","October 01, 2026  5:30 AM",BRKN UG EQUIPMNT,13,Kern,Not Planned,"c(-119.10439, 35.36645)"
PGE,"September 30, 2026  9:25 PM","October 01, 2026  1:45 AM",PATROLLING,892,Marin,Not Planned,"c(-122.53639, 38.0853)"
PGE,"September 30, 2026  9:13 PM","October 01, 2026  3:15 AM",EMERG REPAIRS,48,San Luis Obispo,Not Planned,"c(-120.75244, 35.46038)"
PGE,"September 30, 2026  9:29 PM","October 01, 2026  3:45 AM",EMERG REPAIRS,13,Santa Clara,Not Planned,"c(-121.60946, 37.08555)"
PGE,"September 30, 2026  9:44 PM","October 01, 2026  1:00 AM",BRKN UG EQUIPMNT,31,Santa Barbara,Not Planned,"c(-120.13829, 34.59543)"
PGE,"September 30, 2026  9:46 PM","October 01, 2026  5:00 AM",PATROLLING,126,Mendocino,Not Planned,"c(-123.37726, 39.01044)"
PGE,"September 30, 2026  9:52 PM","October 01, 2026  6:00 AM",Not yet known,1,Santa Clara,Not Planned,"c(-121.82502, 37.34277)"
PGE,"September 30, 2026  9:56 PM","October 01, 2026  7:00 AM",PLNND SHUTDOWN,129,San Francisco,Planned,"c(-122.46466, 37.78474)"
PGE,"September 30, 2026 10:07 PM","October 01, 2026  8:15 AM",Not yet known,1,San Mateo,Not Planned,"c(-122.21805, 37.43444)"
PGE,"September 30, 2026 10:10 PM","October 01, 2026  5:45 AM",EMERG REPAIRS,13,Monterey,Not Planned,"c(-121.75195, 36.76647)"
PGE,"September 30, 2026 10:13 PM","October 01, 2026  5:00 AM",PATROLLING,1,San Francisco,Not Planned,"c(-122.42048, 37.74066)"
PGE,"September 30, 2026 10:14 PM","October 01, 2026  3:15 AM",BRKN UG EQUIPMNT,14,Sutter,Not Planned,"c(-121.65437, 39.10027)"
PGE,"September 30, 2026 10:26 PM","October 01, 2026  4:45 AM",EMERG REPAIRS,7,Humboldt,Not Planned,"c(-123.98896, 40.50805)"
PGE,"September 30, 2026 10:27 PM","October 01, 2026  2:45 AM",Not yet known,1,Contra Costa,Not Planned,"c(-122.12852, 37.8572)"
PGE,"September 30, 2026 10:16 PM","October 01, 2026  8:15 AM",PATROLLING,3,El Dorado,Not Planned,"c(-120.81411, 38.77331)"
PGE,"September 30, 2026 10:18 PM","October 01, 2026  4:00 AM",PLNND SHUTDOWN,7,Yolo,Planned,"c(-121.759, 38.67621)"
PGE,"September 30, 2026 10:47 PM","October 01, 2026  4:30 AM",Not yet known,1,Santa Barbara,Not Planned,"c(-120.44239, 34.68555)"
PGE,"September 30, 2026 10:46 PM","October 01, 2026  3:00 AM",Awaiting Investigation,299,Santa Barbara,Not Planned,"c(-120.43558, 34.70093)"
PGE,"September 30, 2026 10:50 PM","October 01, 2026  4:15 AM",Not yet known,1,Santa Cruz,Not Planned,"c(-121.91461, 36.97351)"
PGE,"September 30, 2026 10:50 PM","October 01, 2026  4:15 AM",PATROLLING,1,Fresno,Not Planned,"c(-119.76727, 36.80793)"
PGE,"September 30, 2026 10:54 PM","October 01, 2026  2:45 AM",BRKN UG EQUIPMNT,8,Nevada,Not Planned,"c(-121.06403, 39.19803)"
PGE,"September 30, 2026 11:12 PM",Unknown,Not yet known,1,San Francisco,Not Planned,"c(-122.39271, 37.73133)"
